label,text,context
kitchen,Contributed to menu innovation with creative recipe suggestions and improvements.,menu planning
kitchen,"Inspected, pulled, and stacked cleaned items and sent soiled items back for pre-scrubbing and re-washing.","Quality, cleaning"
kitchen,Bussed and reset tables and kept dining room and work areas clean.,"Bussing, cleaning"
kitchen,"Moved and arranged tables, chairs, and place settings and organized seating for groups with special needs.","customer service, organization"
kitchen,Emptied and maintained trashcans and outdoor dumpster area.,"Organization, waste"
kitchen,"Effectively listened to, understood, and clarified guest concerns and issues.",Customer service
kitchen,"Prepared food items, including chopping and cleaning produce. ","Food prep, knife skills"
kitchen,"Prepared daily food items, and cooked simple foods and beverages.",Food prep
kitchen,"Managed food preparation, ensuring timely and high-quality dishes.","Food prep, Quality"
kitchen,"Operated kitchen equipment, maintaining safety and optimal functionality.","Equipment, Safety, Maintenance"
kitchen,Collaborated with chefs and team members for efficient service delivery.,"Teamwork, Efficiency"
kitchen,Maintained a clean and organized kitchen environment during peak hours.,"Organization, Efficiency, Cleaning"
kitchen,Prepared ingredients and assisted in assembling diverse menu offerings.,"planning, menu"
kitchen," Followed recipes accurately, ensuring consistency in taste and presentation.","Consistency, Presentation"
kitchen,"Adhered to strict food safety standards, maintaining health and hygiene.","safety, cleaning"
kitchen,Managed inventory and restocked supplies to prevent shortages during shifts.,"Inventory management, Restocking"
kitchen,Assisted in menu planning and contributed to creative recipe ideas.,menu planning
kitchen,Supported kitchen operations with effective communication and teamwork.,"communication, Teamwork"
kitchen," Handled special dietary requests, ensuring guest satisfaction and safety.","customer service, Safety"
kitchen,"Adapted to fast-paced environments, excelling during high-volume periods.","Adaptability, efficiency"
kitchen," Maintained cleanliness of utensils, cookware, and kitchen surfaces.","cleaning, organization"
kitchen,Monitored cooking times and temperatures to deliver perfectly cooked dishes.,"efficiency, multitasking"
kitchen,Managed food waste and reduced costs through portion control strategies.,"efficiency, waste"
kitchen,Trained new staff members in kitchen protocols and procedures.,"training, safety"
kitchen,Demonstrated efficiency in multi-tasking and time management during shifts.,"multitasking, efficiency"
kitchen,Assisted in serving full balanced meals.,food prep
kitchen,Provided input on menu adjustments based on customer feedback and trends.,"menu planning, customer service"
kitchen,Relayed food orders to cooks.,communication
kitchen,Inspected and cleaned food preparation areas to ensure safe and sanitary food-handling practices,"safety, cleaning"
kitchen,Displayed knowledge about the safety and preparation in the kitchen,"cleaning, knowledge"
kitchen,"Cleaned and sanitized dishes, cookware, and utensils",cleaning
kitchen,Cleaned and sanitized food preparation work stations,"cleaning, food prep"
kitchen,"Assisted in the food preparation process by cutting, chopping, slicing, and washing vegetables, meats, and other ingredients","knife skills, Food prep"
kitchen,Followed all food health and safety requirements,food safety
kitchen,Assisted with the unloading of deliveries and their proper storage,deliveries
kitchen,Communicated kitchen needs to supervisors,communication
kitchen,Assisted in preparing meals while adhering to portion and recipe guidelines.,"food prep, protocol"
kitchen,Operated kitchen equipment following security and safety protocols to prevent incidents.,"safety, protocol"
kitchen,Collaborated with staff to ensure meals were delivered on schedule to customers.,"teamwork, time management"
kitchen,"Followed strict security measures when handling kitchen utensils, tools, and ingredients.","protocol, food prep"
kitchen,Prepared and plated meals for customers according to established food presentation standards.,"food prep, customer service"
kitchen,Managed inventory of kitchen supplies and communicated restocking needs to procurement.,"restocking, communication"
kitchen,Adapted to the unique environment of a kitchen while maintaining food quality.,"adabtabllity, quality"
kitchen,Demonstrated efficient time management to meet meal service deadlines.,Time management
kitchen,Collaborated with team to implement dietary restrictions and requirements.,"teamwork, food safety"
kitchen,Contributed to the preparation of nutritionally balanced meals within budget constraints.,food prep
kitchen,Maintained cleanliness and sanitation of kitchen surfaces and equipment at all times.,"cleaning, equipment"
kitchen,"Operated industrial kitchen appliances, such as ovens, stoves, and mixers, efficiently.","efficiency, equipment"
kitchen,Processed and handled food products following strict hygiene standards and security procedures.,"food safety, food prep"
kitchen,Collaborated with kitchen staff to ensure the execution of special dietary meal plans.,"teamwork, food safety"
kitchen,Supported the employers efforts to provide quality nutrition.,quality
kitchen,Assisted in training new kitchen staff members on security protocols and kitchen processes.,"training, protocols"
kitchen,Demonstrated professionalism and adaptability in a kitchen environment.,adaptable
kitchen,Participated in regular kitchen inspections to ensure compliance with security measures.,protocol
kitchen,Handled and transported food items securely to prevent contamination and incidents.,"delivery, security"
kitchen,Operated kitchen equipment to prepare meals efficiently and in accordance with security rules.,"Equipment operation, protocol
"
kitchen,Utilized advanced knife skills to precision-cut ingredients for various dishes.,"knife skills, efficiency"
kitchen,Managed inventory and optimized ingredient usage to reduce waste and control costs.,Inventory management
kitchen,Collaborated seamlessly with kitchen staff to ensure smooth service during peak hours.,Collaboration
kitchen,Managed meal preparation with a focus on quality and efficiency,"Quality, food prep"
kitchen,"Worked efficiently in a fast-paced kitchen environment, meeting high demand.",Efficiency
kitchen,Demonstrated expertise in food preparation techniques and presentation.,presentation
kitchen,Managed kitchen inventory to prevent shortages and maintain smooth operations.,Inventory management
kitchen,Collaborated with kitchen staff to ensure timely and accurate meal service.,coordinated
kitchen,Adapted recipes to accommodate dietary restrictions and preferences.,adaptable
kitchen,"Operated kitchen equipment, adhering to safety and maintenance protocols.","Safety, protocol"
kitchen,Contributed to menu planning by suggesting innovative and seasonal dishes.,Innovation
kitchen,Followed strict hygiene and sanitation practices for food safety.,Hygiene
kitchen,"Assisted in training new kitchen team members, fostering teamwork.",Training
kitchen,Demonstrated proficiency in multitasking and managing multiple orders.,Multitasking
kitchen,Supported head chef in coordinating kitchen operations and execution.,Coordination
kitchen,Utilized portion control to minimize waste and control costs.,Portion-Control
kitchen,"Prepared ingredients for recipes, ensuring accurate measurements.",Preparation
kitchen,Maintained a clean and organized workspace for efficient workflow.,Organization
kitchen,Collaborated with servers to ensure seamless communication and order fulfillment.,Communication
kitchen,Exhibited strong knife skills and precision in food preparation.,Precision
kitchen,Implemented creative plating techniques to enhance dish presentation.,Presentation
kitchen,"Adapted to changing circumstances, managing kitchen challenges effectively.",adaptable
kitchen,Assisted in developing new menu items that met culinary standards.,Creativity
kitchen,Worked meticulously to maintain high-quality standards in all dishes.,Quality
kitchen,Managed food storage and rotation to prevent spoilage and waste.,Storage
kitchen,Demonstrated effective time management during busy service periods.,Time-Management
kitchen,Supported front-of-house staff by accommodating special requests.,"customer service, teamwork"
kitchen,Followed standardized recipes to ensure consistent flavors and textures.,Consistency
kitchen,Contributed to a positive kitchen atmosphere by fostering teamwork.,Teamwork
kitchen,Operated dishwashing equipment to maintain cleanliness in the kitchen.,Cleanliness
kitchen,Adapted to diverse dietary needs while ensuring flavor and quality.,Adaptation
kitchen,Prioritized safety and cleanliness in all aspects of food handling.,Safety
kitchen,"Managed prep stations, ensuring timely availability of ingredients.",Management
kitchen,Communicated effectively with servers to manage order flow.,Communication
kitchen,Played a vital role in maintaining a smooth and organized kitchen workflow.,Workflow
kitchen,Maintained proper temperature controls during cooking and storage.,knowledge
kitchen,Supported menu execution during peak hours to meet customer demand.,"customer service, efficiency"
kitchen,Demonstrated resilience in handling high-stress situations during service.,"Resilience, adaptability"
kitchen,Contributed to inventory tracking and restocking processes.,"Inventory, restocking"
kitchen,Assisted in recipe testing and refinement to ensure consistency.,"consistency, menu planning"
kitchen,Exhibited strong problem-solving skills in resolving kitchen challenges.,Problem-Solving
kitchen,Supported the kitchen team by stepping into various roles as needed.,"adaptability, teamwork"
kitchen,Managed food waste reduction initiatives to align with sustainability goals.,Sustainability
kitchen,Adapted to changing menu items with flexibility and creativity.,Flexibility
kitchen,Maintained excellent communication with colleagues for efficient service.,Communication
kitchen,Exhibited versatility in handling various cooking techniques.,Versatility
kitchen,Assisted in maintaining a clean and organized storeroom for ingredients.,Organization
kitchen,Contributed to kitchen cleanliness and compliance with health standards.,"cleaning, protocol"
kitchen,Adapted to fluctuating order volumes while maintaining quality.,"Adaptation, quality"
kitchen,Demonstrated initiative in suggesting improvements to kitchen processes.,"Initiative, improvement"
kitchen,Supported kitchen leadership in training and development programs.,"leadership, training"
kitchen,Operated kitchen equipment efficiently to ensure consistent results.,"efficiency, equipment"
kitchen,Assisted in maintaining accurate records of food usage and wastage.,"Record keeping, waste"
kitchen,"Managed ingredient sourcing and storage, ensuring freshness.",inventory management
kitchen,Demonstrated a commitment to maintaining a safe kitchen environment.,Safety
kitchen,Supported recipe testing and adjustments to enhance flavors.,menu planning
kitchen,Adapted to diverse dietary requirements with attention to detail.,Attention to detail
kitchen,Collaborated with colleagues to manage efficient shift transitions.,collaboration
kitchen,Exhibited strong organizational skills in managing prep lists.,Organization
kitchen,Assisted in developing and maintaining standardized recipes.,"menu planning, recipes"
kitchen,Contributed to maintaining a clean and orderly kitchen workspace.,Cleanliness
kitchen,Managed kitchen mise en place for smooth service execution.,Preparation
kitchen,Supported a positive kitchen culture through effective teamwork.,Teamwork
kitchen,Adapted to challenging scenarios by remaining composed and resourceful.,adaptabilty
kitchen,Operated and maintained kitchen equipment to meet production needs.,Maintenance
kitchen,Managed food inventory and assisted in procurement to prevent shortages.,Inventory
kitchen,Expertly prepared and presented meals in a fast-paced environment.,"food prep, time management"
kitchen,Followed standardized recipes to deliver consistent and quality dishes.,quality
kitchen,"Adapted to high-pressure situations, managing tasks with composure.",Adaptation
kitchen,Provided guidance to new team members to ensure seamless integration.,leadership
kitchen,Implemented portion control measures to minimize wastage and costs.,waste
kitchen,Practiced meticulous food safety protocols throughout food preparation.,food safety
kitchen,Supported culinary leadership in menu planning and execution.,"teamwork, menu planning"
kitchen,"Efficiently managed prep stations, organizing ingredients for efficiency.","Efficiency, organization, food prep"
kitchen,Maintained clear communication channels with serving staff for coordination.,"communication, coordination"
kitchen,Ensured a clean and organized kitchen workspace at all times.,Organization
kitchen,Fostered a positive and cooperative team environment for success.,Teamwork
kitchen,Demonstrated exceptional knife skills and culinary techniques.,Skills
kitchen,Contributed creative ideas for seasonal and specialty menu items.,Creativity
kitchen,Accurately labeled and stored prepared foods to maintain freshness.,Labeling
kitchen,"Thrived in a fast-paced environment, managing multiple orders smoothly.",Fast-Paced
laundry,Managed inventory of laundry supplies and requested restocks as needed.,"Inventory, restocking"
laundry,Adhered to security protocols while transporting laundry within the facility.,"Security, delivery"
laundry,Followed established guidelines for handling biohazardous materials during laundering.,"rules, cleaning, safety"
laundry,Assisted in training new laundry staff members on procedures and security protocols.,"training, protocols"
laundry,Contributed to maintaining the overall hygiene and sanitation of the environment.,cleaning
laundry,Monitored laundry equipment for proper functioning and reported maintenance needs.,Maintenance
laundry,"Worked in a fast-paced environment, meeting tight deadlines for laundry processing.",time management
laundry,Handled client property with discretion and professionalism during laundry tasks.,Discretion
laundry,Participated in routine inspections and audits to ensure laundry compliance with regulations.,"safety, protocols"
laundry,Demonstrated effective communication skills to coordinate clothes processing with staff.,"communication, Teamwork"
laundry,Completed administrative tasks related to laundry records and inventory management.,inventory management
laundry,Supported facility safety measures by adhering to fire and emergency protocols.,Safety
laundry,Operated laundry equipment efficiently to minimize energy consumption and costs.,"efficiency, equipment"
laundry,Handled large volumes of clothing efficiently and accurately.,efficiency
laundry,"Sorted and categorized laundry items, ensuring proper segregation and processing.","Sorting, prep"
laundry,"Operated industrial laundry machinery to wash, dry, and fold institutional garments.",Equipment
laundry,Followed strict protocols for handling potentially hazardous materials in the laundry.,Protocols
laundry,Operated specialized industrial laundry equipment to process clothing efficiently.,equipment
laundry,Collaborated closely with staff to ensure timely laundry processing for customers.,"Collaboration, time management"
laundry,Adhered to strict security protocols when handling and transporting inmate laundry items.,Transporting
laundry,Sorted and organized client clothing according to established facility guidelines.,sorting
laundry,Managed the inventory of laundry supplies and communicated needs to procurement.,Inventory
laundry,Followed hygiene and sanitation standards while handling inmate clothing and linens.,"cleaning, safety"
laundry,Contributed to maintaining the overall cleanliness and order of the environment.,"cleaning, organization"
laundry,"Participated in the laundering of inmate bedding, towels, and other linens.",Laundering
laundry,Worked in a team to maintain a steady flow of clean laundry.,Teamwork
laundry,Adapted to changing laundry operation based on the client demand.,Adaptation
laundry,Operated laundry machinery according to safety protocols to prevent accidents and injuries.,"Safety, equipment"
laundry,Maintained accurate records of laundry processing and inventory for reporting purposes.,"Records, inventory management"
laundry,Supported company efforts in promoting hygiene and sanitation.,"cleaning, collaboration"
laundry,Assisted in training new laundry staff members on security procedures and processes.,Training
laundry,Demonstrated professionalism and discretion when handling client property during laundering.,professionalism
laundry,Collaborated with administrators to ensure laundry operations were compliant with regulations.,protocol
laundry,Operated industrial drying machines to efficiently dry and fluff laundered items.,equipment
laundry,Handled and transported laundry items with care and respect.,"Care, transportation"
laundry,Collaborated with team to ensure timely laundry delivery.,Delivery
laundry,Assisted in routine inspections and audits to ensure laundry compliance with security measures.,"safety, inspections"
laundry,Managed laundry operations with a focus on efficiency and quality.,Efficiency
laundry,Collaborated with teammates to meet daily laundry processing goals.,Collaboration
laundry,Operated industrial washing machines and dryers for laundering tasks.,Machines
laundry,Maintained cleanliness and organization in the laundry facility.,Organization
laundry,Followed safety protocols while handling laundry chemicals and machinery.,"safety, equipment, chemicals"
laundry,Assisted in sorting and inspecting linens for laundering purposes.,sorting
laundry,Ensured timely delivery of laundered items to various areas.,Timeliness
laundry,Demonstrated attention to detail in folding and packaging laundered items.,attention to detail
laundry,Operated ironing equipment to achieve well-pressed fabrics.,Ironing
laundry,Conducted routine maintenance to ensure proper equipment functionality.,Maintenance
laundry,Managed inventory of clean linens for distribution.,"Inventory management, distribution"
laundry,Assisted in tracking and reporting laundry productivity metrics.,record keeping
laundry,Collaborated effectively to prevent backlogs in laundry processing.,Collaboration
laundry,Communicated with team members to address special laundering needs.,Communication
laundry,Followed established laundering procedures for fabric longevity.,Procedures
laundry,"Assisted in sorting, washing, and folding linens efficiently.",Efficiency
laundry,Managed linen distribution to various sections of the facility.,Distribution
laundry,Operated steam presses and finishing tools to achieve desired results.,Pressing
laundry,Maintained equipment and promptly reported any malfunctions.,Equipment
laundry,Provided excellent customer service and addressed specific requests.,Service
laundry,Monitored laundry quality to ensure items met standards.,Quality
laundry,Contributed to the overall cleanliness of the facility environment.,Cleanliness
laundry,Assisted in maintaining a safe working environment in the laundry area.,Safety
laundry,Operated commercial-grade laundry machinery to ensure efficient processing.,equipmnet
laundry,"Managed sorting, washing, drying, and folding of a variety of textiles.",laundry processing
laundry,Utilized stain removal techniques to maintain fabric quality.,fabric care
laundry,Monitored laundry cycles for proper water temperature and detergent use.,Monitoring
laundry,Maintained accurate inventory records for clean and soiled linens.,Records
laundry,Collaborated with team members to meet daily laundry targets.,Targets
laundry,"Adapted to fast-paced environment, managing tasks with precision.",Adaptation
laundry,Demonstrated attention to detail in inspecting and folding linens.,"attention to detail, fabric care"
laundry,Implemented efficient organization to track and manage laundry items.,Inspection
laundry,Participated in equipment maintenance routines for optimal performance.,Organization
laundry,Complied with safety protocols to promote a hazard-free workplace.,"Safety, protocol"
laundry,Executed proper procedures for handling and disposing of soiled linens.,"protocol, waste"
laundry,Assisted in data collection for reporting on laundry activities.,recording
laundry,Facilitated communication with other departments to fulfill linen needs.,Communication
laundry,Ensured the cleanliness and orderliness of the laundry area.,Cleaning
laundry,Managed time effectively to meet laundry demands during peak times.,Time Management
laundry,Contributed to the workflow by prioritizing tasks and schedules.,Prioritization
laundry,Demonstrated teamwork and a positive attitude toward laundry goals.,Teamwork
laundry,Operated ironing and pressing equipment to maintain garment appearance.,fabric care
laundry,Assisted in maintaining stock levels of laundry supplies.,"restocking, inventory management"
laundry,Sorted and categorized laundry items based on material and color.,Sorting
laundry,Followed established guidelines for safe chemical usage.,"Chemicals, protocol"
laundry,Maintained clean laundry facilities to uphold hygiene standards.,"cleaning, organization"
laundry,Practiced careful handling of delicate fabrics to prevent damage.,fabric care
laundry,Adapted to changing laundry demands with efficiency.,Efficiency
laundry,Demonstrated effective use of washing formulas for different textiles.,knowledge
laundry,Collaborated with colleagues to optimize laundry workflows.,"teamwork, efficiency"
laundry,Monitored equipment performance to ensure consistent results.,equipment
laundry,Displayed accuracy in tracking inventory movement and levels.,"Inventory management, record keeping"
laundry,Facilitated effective communication within the laundry team.,Communication
laundry,Managed linen deliveries and distributions to various departments.,Distribution
laundry,Showcased strong organizational skills to streamline laundry processes.,Organization
laundry,Committed to maintaining a tidy and orderly laundry workspace.,"cleaning, organization"
laundry,Assisted in the training of new laundry staff members.,training
laundry,Ensured adherence to hygiene and sanitation guidelines.,"cleaning, protocol"
laundry,"Adapted to different laundry tasks, prioritizing as needed.",Multitasking
laundry,Collaborated with supervisors to troubleshoot laundry equipment.,"collaboration, equipment"
laundry,Maintained high standards of laundry quality and presentation.,quality
laundry,Demonstrated knowledge of fabric care and laundering requirements.,"knowledge, fabric care"
laundry,"Adapted to varying workloads, contributing to team efficiency.","teamwork, efficiency"
laundry,Supported the laundering of garments and uniforms for customer use.,customer service
laundry,Practiced environmentally-friendly laundry practices.,Sustainability
laundry,Demonstrated attention to detail in garment inspection.,attention to detail
laundry,Maintained a helpful and professional attitude with colleagues.,team player
laundry,Operated equipment with a focus on energy and resource conservation.,"inventory management, equipment"
laundry,Adapted to laundry demand fluctuations while maintaining quality.,Flexibility
laundry,Collaborated to fulfill special laundry requests as needed.,teamwork
laundry,Demonstrated flexibility in adapting to changing laundry needs.,Flexibility
laundry,"Managed linen inventories, tracking usage and replenishment.",Management
laundry,Assisted in implementing new laundry processes and techniques.,innovation
laundry,Maintained a clean and organized laundry work area.,Cleanliness
laundry,Operated laundry machinery to prevent fabric damage.,Prevention
laundry,Collaborated to ensure efficient linen distribution across the facility.,"Distribution, teamwork"
laundry,Adapted to different laundry tasks with accuracy and efficiency.,Adaptation
laundry,Managed linen returns and exchanges based on department needs.,Management
laundry,Supported colleagues in achieving laundry department goals.,Support
laundry,Demonstrated a proactive approach to daily laundry challenges.,Proactivity
laundry,Maintained a proactive awareness of laundry safety protocols.,Safety
laundry,Collaborated to improve laundry efficiency and productivity.,Improvement
laundry,Operated specialized laundry equipment for diverse textiles.,Specialization
laundry,Managed proper sorting and storage of laundered items.,Sorting
laundry,Assisted in training new staff members on laundry procedures.,Training
laundry,Operated and maintained industrial laundry equipment to ensure optimal performance.,"Maintenance, equipment"
laundry,"Demonstrated proficiency in sorting, washing, drying, and folding linens.",Proficiency
laundry,Followed established procedures for stain removal and fabric care.,"fabric care, protocol"
laundry,Monitored laundry cycles to prevent overloading and ensure quality results.,quality
laundry,Maintained inventory control of clean and dirty linens for efficient circulation.,Inventory management
laundry,Collaborated with team members to meet daily laundry quotas.,"teamwork, collaboration"
laundry,"Adapted to fast-paced environment, managing tasks with precision.","Adaptation, quality"
laundry,Practiced attention to detail in inspecting and folding linens.,Precision
laundry,Utilized proper labeling and organization to track laundry items accurately.,Organization
laundry,Participated in regular equipment maintenance and cleaning routines.,Maintenance
laundry,Complied with safety protocols to ensure a hazard-free work environment.,Safety
laundry,Followed standard procedures for handling and disposing of soiled linens.,"protocol, waste"
laundry,Assisted in tracking laundry-related data for reporting purposes.,Tracking
laundry,Communicated effectively with other departments to fulfill linen needs.,Communication
laundry,Demonstrated dedication to maintaining a clean and organized laundry space.,Cleanliness
laundry,Efficiently managed time to meet laundry demands during peak periods.,Time-Management
laundry,Contributed to efficient workflow by prioritizing tasks and schedules,Prioritization
retail,"Interacted with customers, answering questions and providing customer service.","questions, customer service"
retail,"Assisted customers in finding products, enhancing overall shopping experiences.","customer service, improvement"
retail,Operated cash registers and processed transactions efficiently with high accuracy.,"Efficiency, cash register"
retail,"Maintained organized store displays, creating an appealing shopping environment for customers.","Organization, store improvement"
retail,"Provided exceptional customer service, resolving inquiries and concerns with professionalism.","customer service, professionalism"
retail,"Stocked and replenished shelves, ensuring products were readily available for customers.",restocking
retail,Collaborated with team members to execute sales promotions and marketing initiatives.,"Collaboration, sales"
retail,"Demonstrated product knowledge, assisting customers in making informed purchasing decisions.",Product knowledge
retail,"Managed inventory and tracked product levels, reducing stockouts and overages.",Inventory management
retail,"Adapted to fast-paced environments, efficiently handling multiple tasks during busy periods.","Adaptation, efficiency"
retail,"Implemented upselling techniques, increasing average transaction values and revenue.",sales
retail,Assisted in visual merchandising and arranging displays to drive sales and aesthetics.,advertisement
retail,"Responded to customer feedback, fostering positive relationships and loyalty.",customer feedback
retail,Contributed to training new team members in customer service and operational procedures.,Training
retail,"Participated in store cleanliness and maintenance, creating a pleasant shopping atmosphere.",cleaning
retail,"Resolved customer complaints with empathy, finding solutions to ensure satisfaction.","customer feedback, customer service"
retail,Maintained accurate records of sales and inventory transactions for reporting purposes.,Record keeping
retail,Supported store management in inventory counts and audits to maintain accuracy.,inventory management
retail,Collaborated with vendors to restock and coordinate product deliveries as needed.,"restock, delivery"
retail,Utilized point-of-sale systems proficiently to process transactions and manage customer information.,"record keeping, cash register"
retail,"Assisted customers in selecting approved commissary items, ensuring compliance.","customer service, commissary"
retail,Operated cash registers securely to process purchases safely for customers.,cash register
retail,Maintained inventory accuracy and restocked commissary shelves to meet demand.,Inventory management
retail,Adhered to strict security protocols when handling and distributing commissary products.,"Security, protocol, safety"
retail,Demonstrated professionalism and respect while interacting with customers during transactions.,"Professionalism, customer service"
retail,Collaborated with staff to implement customer feedback.,customer feedback
retail,Provided customers with information about available commissary items and prices.,product knowledge
retail,Assisted customers with inquiries and resolved issues related to products and store services.,"questions, customer service"
retail,Maintained clean and organized displays to enhance shopping experience.,Displays
retail,"Managed transaction records and reports, ensuring accuracy and transparency.",Records
retail,Implemented security measures to prevent theft and unauthorized access to store items.,"Security, protocol, safety"
retail,"Processed store orders accurately and efficiently, maintaining order fulfillment.","efficiency, orders"
retail,Contributed to maintaining security and order during commissary operation hours.,"security, safety"
retail,Supported staff by reporting any irregularities or concerns related to commissary activities.,Reporting
retail,Operated point-of-sale systems proficiently to process commissary transactions for customers.,"customer service, efficiency"
retail,Demonstrated empathy and sensitivity while interacting with customers during their purchases.,"customer service, customer interaction"
retail,Collaborated with  administrators to ensure commissary operations were aligned with regulations.,protocol
retail,Assisted in commissary inventory audits to reconcile stock levels and prevent discrepancies.,inventory management
retail,Trained new commissary staff members on security procedures and customerinteractions.,Training
retail,Maintained confidentiality and discretion when handling order requests.,Discretion
retail,Collaborated with team members to ensure seamless store operations.,"Collaboration, teamwork"
retail,Assisted in the implementation of store layout changes for better flow.,Improvement
retail,Provided personalized shopping recommendations based on customer preferences.,Recommendations
retail,Supported the execution of sales and promotional events.,"Sales, event"
retail,Created informative and visually appealing product signage.,advertisement
retail,Conducted customer satisfaction surveys to gather feedback.,customer feedback
retail,Demonstrated excellent product knowledge to enhance customer experience.,Product knowledge
retail,Assisted in monitoring inventory levels and reorder points.,"inventory management, restocking"
retail,Participated in ongoing product training sessions to stay informed.,"training, product knowledge"
retail,Offered alternatives and solutions to customers facing product unavailability.,"customer service, product knowlege"
retail,Supported online order fulfillment with attention to detail.,"attention to detail, order fufillment"
retail,Assisted in the organization of store-wide sales and discounts.,product knowledge
retail,Provided prompt and accurate responses to customer inquiries.,"customer inquiry, timeliness"
retail,Collaborated with merchandising team for seasonal product launches.,"product knowledge, teamwork"
retail,Assisted in managing the checkout process and cash handling.,"cash handling, checkout"
retail,Contributed to the creation of marketing materials for store promotions.,"creativity, promotions"
retail,Supported the implementation of store policies and procedures.,protocol
retail,Assisted in processing returns and exchanges in compliance with policies.,"Returns, exchanges"
retail,Utilized customer feedback to suggest improvements in product offerings.,"customer feedback, store improvement"
retail,Contributed to maintaining a clean and inviting store environment.,"cleanliness, store improvement"
retail,Assisted customers in finding products that met their needs.,"customer service, customer assistance"
retail,Maintained neat and attractive product displays for customer convenience.,"product display, organization"
retail,Operated cash registers efficiently to process transactions accurately.,"cash handling, register "
retail,Ensured inventory levels were well-maintained to prevent shortages.,inventory management
retail,Provided exceptional service to create a positive shopping experience.,customer service
retail,Demonstrated in-depth knowledge of products to answer inquiries.,"product knowledge, customer inquiry"
retail,Collaborated with team members to prevent theft and maintain security.,"security, teamwork"
retail,Designed eye-catching product arrangements to boost sales.,store improvement
retail,Fostered teamwork to achieve store goals and targets.,teamwork
retail,Effectively communicated pricing and promotional details.,"customer inquiry, product knowledge"
retail,Participated in receiving and checking incoming merchandise shipments.,"Inventory management, record keeping"
retail,Ensured store cleanliness and organization for a welcoming atmosphere.,"cleaning, organization"
retail,"Adapted quickly to busy periods, managing tasks efficiently.","Efficiency, adaptation"
retail,Ensured smooth and efficient customer checkout process.,"customer service, register"
retail,Arranged products logically for easy customer access.,"Store improvement, organization"
retail,Checked and ensured accurate pricing and labeling.,organization
retail,Stayed updated on product information and store policies.,Product knowledge
retail,Demonstrated reliability and punctuality in work schedule.,"Reliability, punctuality"
retail,Managed returns and exchanges professionally and courteously.,Returns
retail,Operated various store equipment safely and effectively.,"Equipment, safety"
retail,Maintained knowledge of current sales and promotions.,"Promotions, sales"
retail,Communicated clearly with customers to assist their needs.,questions
retail,Supported loss prevention measures through vigilant observation.,prevention
retail,Displayed a positive attitude and willingness to help customers.,customer service
retail,Demonstrated strong organizational skills in managing merchandise.,Organization
retail,Collaborated with team members to restock shelves promptly.,Restocking
retail,Adapted to different customer personalities and preferences.,Adaptation
retail,Operated technology systems for sales and inventory tracking.,Technology
retail,Demonstrated attention to detail in packaging and wrapping items.,Packaging
retail,Assisted customers with locating items in the store.,"questions, inventory, customer service"
retail,Conducted inventory counts and restocked items as needed.,"inventory management, restocking"
retail,Worked efficiently to contribute to the store's success.,Efficiency
retail,Organized and cleaned the store for an inviting environment.,Cleaning
retail,Operated cash handling procedures with precision.,cash handling
retail,Offered guidance and advice to customers on product choices.,"customer service, product knowledge"
retail,Collaborated with colleagues to achieve efficient store operations.,"teamwork, efficiency"
retail,Assisted in setting up and maintaining visual displays.,"creativity, promotions"
retail,Demonstrated effective problem-solving skills for customer concerns.,"Problem-Solving, customer service"
retail,Followed safety protocols to ensure a secure work environment.,Safety
retail,Adapted to changing priorities and store demands.,Adaptation
retail,Maintained a positive demeanor even during busy periods.,Positive attitude
retail,Managed time effectively to balance tasks and customer service.,"Time-Management, customer service"
retail,Assisted in maintaining accurate inventory records.,Record keeping
retail,Provided helpful responses to customer questions and issues.,questions
retail,Collaborated with coworkers to create a cohesive team atmosphere.,Teamwork
retail,Operated store equipment safely and correctly.,"Equipment, safety"
retail,Demonstrated professionalism in customer interactions.,Professionalism
retail,Maintained awareness of product trends and features.,product knowledge
retail,Adapted to changes in store policies and procedures.,"Adaptation, protocol"
retail,Ensured a clean and organized checkout area.,"Organization, cleaning"
retail,Assisted customers in locating specific products.,"questions, inventory, customer service"
retail,Collaborated with team members to receive and unpack shipments.,"Collaboration, teamwork"
retail,Communicated effectively with customers to understand their needs.,"Communication, customer service"
retail,Operated POS systems to process transactions accurately.,cash register
retail,Demonstrated initiative in keeping the store well-organized.,organization
retail,Handled customer complaints and issues diplomatically.,"customer feedback, positive attitude"
retail,Assisted with inventory management and restocking.,"inventory management, restocking"
retail,Adapted to different tasks based on daily store requirements.,versatility
retail,Managed customer inquiries about products and promotions.,"questions, product knowledge"
retail,Collaborated with colleagues to maintain a pleasant store environment.,Collaboration
retail,Operated cash registers and handled transactions efficiently.,Efficiency
retail,Provided a welcoming atmosphere for customers.,positive attitude
retail,Assisted customers in making informed purchasing decisions.,questions
retail,Maintained organized shelves and displays for optimal product visibility.,"Organization, promotions"
retail,Operated cash registers and processed transactions accurately.,cash register
retail,Ensured well-stocked inventory through regular replenishment.,Replenishment
retail,Provided exceptional customer service to enhance shopping experience.,customer service
retail,Demonstrated knowledge of product features to address customer inquiries.,product knowledge
retail,Contributed to loss prevention efforts by monitoring store activity.,prevention
retail,Arranged product promotions and displays to drive sales.,"promotions, sales"
retail,Collaborated with team members to achieve store goals.,"teamwork, sales"
retail,Effectively communicated pricing and product information.,customer assistance
retail,Assisted in unloading and inspecting incoming merchandise.,Inspection
retail,Managed cleanliness and tidiness of the retail space.,cleaning
retail,"Adapted to fast-paced environment, multitasking with efficiency.",Multitasking
retail,Facilitated smooth checkout process for customers.,"checkout, cash register"
retail,Organized products in a logical and accessible manner.,Organization
retail,Showcased strong attention to detail in pricing and labeling.,attention to detail
retail,Kept up-to-date on product knowledge and store policies.,product knowledge
retail,Demonstrated reliability and punctuality in work schedule.,Reliability